X,CH1,CH2,CH3,CH4,Start,Increment,
Sequence,Volt,Volt,Volt,Volt,-1.8199998522e-006,2.4999998516e-008,
0,-4.687e-001,3.125e-001,1.562e-001,0.000e000,
1,0.000e000,-3.125e-001,-3.125e-001,4.687e-001,
2,0.000e000,-3.125e-001,3.125e-001,3.125e-001,
3,-6.250e-001,3.125e-001,-3.125e-001,1.562e-001,
4,-4.687e-001,1.562e-001,-1.562e-001,4.687e-001,
5,0.000e000,-3.125e-001,3.125e-001,0.000e000,
6,0.000e000,1.562e-001,-3.125e-001,3.125e-001,
7,-4.687e-001,-3.125e-001,3.125e-001,1.562e-001,
8,-6.250e-001,1.562e-001,-3.125e-001,3.125e-001,
9,0.000e000,-3.125e-001,3.125e-001,1.562e-001,
10,-4.687e-001,1.562e-001,1.562e-001,3.125e-001,
11,0.000e000,-4.687e-001,-3.125e-001,0.000e000,
12,-4.687e-001,1.562e-001,1.562e-001,3.125e-001,
13,0.000e000,-3.125e-001,-3.125e-001,0.000e000,
14,0.000e000,-3.125e-001,1.562e-001,3.125e-001,
15,-4.687e-001,3.125e-001,-3.125e-001,0.000e000,
16,0.000e000,1.562e-001,-3.125e-001,0.000e000,
17,-4.687e-001,-3.125e-001,4.687e-001,4.687e-001,
18,-6.250e-001,-3.125e-001,-3.125e-001,0.000e000,
19,1.562e-001,1.562e-001,3.125e-001,4.687e-001,
20,-4.687e-001,-3.125e-001,-4.687e-001,3.125e-001,
21,0.000e000,3.125e-001,3.125e-001,1.562e-001,
22,-4.687e-001,-3.125e-001,-1.562e-001,3.125e-001,
23,0.000e000,1.562e-001,3.125e-001,0.000e000,
24,0.000e000,1.562e-001,1.562e-001,3.125e-001,
25,-6.250e-001,-3.125e-001,-3.125e-001,0.000e000,
26,0.000e000,-3.125e-001,-1.562e-001,4.687e-001,
27,-4.687e-001,3.125e-001,3.125e-001,0.000e000,
28,-4.687e-001,1.562e-001,1.562e-001,1.562e-001,
29,0.000e000,-3.125e-001,-3.125e-001,4.687e-001,
30,-4.687e-001,-3.125e-001,3.125e-001,3.125e-001,
31,0.000e000,1.562e-001,-3.125e-001,1.562e-001,
32,0.000e000,1.562e-001,-3.125e-001,0.000e000,
33,-6.250e-001,-4.687e-001,3.125e-001,4.687e-001,
34,0.000e000,-3.125e-001,1.562e-001,4.687e-001,
35,-6.250e-001,3.125e-001,-3.125e-001,0.000e000,
36,-4.687e-001,1.562e-001,1.562e-001,3.125e-001,
37,1.562e-001,-4.687e-001,-3.125e-001,0.000e000,
38,-4.687e-001,1.562e-001,-3.125e-001,1.562e-001,
39,0.000e000,-3.125e-001,1.562e-001,4.687e-001,
40,-4.687e-001,-4.687e-001,-3.125e-001,1.562e-001,
41,0.000e000,3.125e-001,3.125e-001,4.687e-001,
42,-4.687e-001,3.125e-001,1.562e-001,3.125e-001,
43,1.562e-001,-6.250e-001,-3.125e-001,1.562e-001,
44,-4.687e-001,-3.125e-001,-3.125e-001,0.000e000,
45,0.000e000,3.125e-001,1.562e-001,4.687e-001,
46,0.000e000,1.562e-001,1.562e-001,1.562e-001,
47,-4.687e-001,-3.125e-001,-3.125e-001,4.687e-001,
48,0.000e000,1.562e-001,1.562e-001,0.000e000,
49,-4.687e-001,-4.687e-001,-3.125e-001,4.687e-001,
50,0.000e000,1.562e-001,1.562e-001,1.562e-001,
51,-4.687e-001,-3.125e-001,-3.125e-001,4.687e-001,
52,0.000e000,1.562e-001,1.562e-001,1.562e-001,
53,-6.250e-001,-4.687e-001,-3.125e-001,4.687e-001,
54,0.000e000,1.562e-001,1.562e-001,0.000e000,
55,-4.687e-001,-4.687e-001,-3.125e-001,4.687e-001,
56,0.000e000,-3.125e-001,3.125e-001,3.125e-001,
57,-4.687e-001,3.125e-001,-3.125e-001,1.562e-001,
58,0.000e000,-3.125e-001,-3.125e-001,1.562e-001,
59,-6.250e-001,1.562e-001,1.562e-001,4.687e-001,
60,-4.687e-001,3.125e-001,3.125e-001,3.125e-001,
61,0.000e000,-3.125e-001,-3.125e-001,0.000e000,
62,0.000e000,-3.125e-001,1.562e-001,1.562e-001,
63,-4.687e-001,1.562e-001,-3.125e-001,4.687e-001,
64,0.000e000,1.562e-001,-3.125e-001,4.687e-001,
65,-4.687e-001,-3.125e-001,3.125e-001,0.000e000,
66,-4.687e-001,-3.125e-001,1.562e-001,3.125e-001,
67,0.000e000,3.125e-001,-3.125e-001,1.562e-001,
68,-4.687e-001,3.125e-001,1.562e-001,3.125e-001,
69,0.000e000,-3.125e-001,-3.125e-001,0.000e000,
70,-4.687e-001,-3.125e-001,-3.125e-001,1.562e-001,
71,0.000e000,1.562e-001,1.562e-001,4.687e-001,
72,-6.250e-001,3.125e-001,-4.687e-001,1.562e-001,
73,1.562e-001,-4.687e-001,4.218e000,3.125e-001,
74,-4.687e-001,-3.125e-001,3.125e000,3.125e-001,
75,0.000e000,3.125e-001,3.593e000,0.000e000,
76,-6.250e-001,1.562e-001,3.125e000,4.687e-001,
77,1.562e-001,-3.125e-001,3.593e000,0.000e000,
78,0.000e000,1.562e-001,3.593e000,3.125e-001,
79,-4.687e-001,-3.125e-001,2.968e000,1.562e-001,
80,-4.687e-001,1.562e-001,3.593e000,4.687e-001,
81,0.000e000,-3.125e-001,2.968e000,0.000e000,
82,0.000e000,1.562e-001,3.125e000,3.125e-001,
83,-6.250e-001,-3.125e-001,3.593e000,0.000e000,
84,0.000e000,1.562e-001,3.593e000,4.687e-001,
85,-6.250e-001,-3.125e-001,2.968e000,0.000e000,
86,-4.687e-001,-3.125e-001,3.125e000,1.562e-001,
87,1.562e-001,3.125e-001,3.593e000,4.687e-001,
88,0.000e000,3.125e-001,3.125e000,3.125e-001,
89,-6.250e-001,-3.125e-001,3.593e000,1.562e-001,
90,-4.687e-001,-3.125e-001,3.593e000,3.125e-001,
91,0.000e000,1.562e-001,2.968e000,1.562e-001,
92,-4.687e-001,3.125e-001,2.968e000,1.562e-001,
93,3.750e000,-4.687e-001,3.906e000,4.687e-001,
94,3.281e000,1.562e-001,3.125e000,3.125e-001,
95,2.812e000,-3.125e-001,3.593e000,1.562e-001,
96,2.812e000,1.562e-001,3.593e000,3.125e-001,
97,3.437e000,-4.687e-001,3.125e000,1.562e-001,
98,3.437e000,3.125e-001,2.968e000,0.000e000,
99,-1.093e000,-4.687e-001,3.593e000,4.687e-001,
100,0.000e000,3.125e-001,3.125e000,1.562e-001,
101,-6.250e-001,-4.687e-001,3.750e000,3.125e-001,
102,0.000e000,1.562e-001,2.968e000,1.562e-001,
103,-6.250e-001,-3.125e-001,3.593e000,4.687e-001,
104,-6.250e-001,-3.125e-001,3.125e000,3.125e-001,
105,1.562e-001,1.562e-001,3.750e000,1.562e-001,
106,6.250e-001,-3.125e-001,3.125e000,0.000e000,
107,3.906e000,4.687e-001,3.750e000,4.687e-001,
108,2.812e000,1.562e-001,3.125e000,3.125e-001,
109,3.437e000,-3.125e-001,3.593e000,1.562e-001,
110,2.812e000,3.125e-001,3.125e000,3.125e-001,
111,3.281e000,-3.125e-001,3.593e000,0.000e000,
112,3.281e000,4.687e-001,3.750e000,3.125e-001,
113,-1.250e000,-6.250e-001,2.968e000,1.562e-001,
114,-6.250e-001,1.562e-001,3.593e000,0.000e000,
115,0.000e000,-3.125e-001,3.125e000,4.687e-001,
116,-4.687e-001,1.562e-001,3.125e000,4.687e-001,
117,0.000e000,-3.125e-001,3.593e000,0.000e000,
118,-4.687e-001,3.125e-001,2.968e000,1.562e-001,
119,4.062e000,-4.687e-001,3.750e000,4.687e-001,
120,2.812e000,-3.125e-001,3.593e000,3.125e-001,
121,3.593e000,3.125e-001,3.125e000,0.000e000,
122,2.812e000,-3.125e-001,3.125e000,3.125e-001,
123,3.437e000,3.125e-001,3.593e000,0.000e000,
124,2.812e000,-3.125e-001,3.593e000,1.562e-001,
125,3.437e000,3.125e-001,3.125e000,4.687e-001,
126,2.031e000,3.125e-001,3.593e000,0.000e000,
127,-1.250e000,-4.687e-001,3.125e000,4.687e-001,
128,-1.562e-001,-3.125e-001,3.593e000,0.000e000,
129,-4.687e-001,3.125e-001,3.125e000,4.687e-001,
130,-6.250e-001,1.562e-001,3.593e000,3.125e-001,
131,1.562e-001,-3.125e-001,2.968e000,1.562e-001,
132,-4.687e-001,-4.687e-001,2.968e000,0.000e000,
133,3.906e000,4.687e-001,3.593e000,4.687e-001,
134,3.437e000,3.125e-001,3.125e000,0.000e000,
135,2.812e000,-3.125e-001,3.593e000,4.687e-001,
136,3.437e000,1.562e-001,2.968e000,1.562e-001,
137,2.812e000,-3.125e-001,3.593e000,4.687e-001,
138,3.437e000,3.125e-001,2.968e000,1.562e-001,
139,-9.375e-001,-4.687e-001,3.593e000,4.687e-001,
140,0.000e000,-3.125e-001,3.125e000,4.687e-001,
141,-7.812e-001,3.125e-001,3.593e000,0.000e000,
142,-4.687e-001,-4.687e-001,3.593e000,0.000e000,
143,0.000e000,3.125e-001,3.125e000,4.687e-001,
144,-4.687e-001,3.125e-001,3.125e000,4.687e-001,
145,3.125e-001,-4.687e-001,3.593e000,0.000e000,
146,7.812e-001,4.687e-001,3.125e000,4.687e-001,
147,4.062e000,-4.687e-001,3.750e000,0.000e000,
148,3.281e000,1.562e-001,3.437e000,0.000e000,
149,2.812e000,-3.125e-001,2.968e000,4.687e-001,
150,2.812e000,-3.125e-001,2.968e000,1.562e-001,
151,3.437e000,3.125e-001,3.593e000,3.125e-001,
152,3.281e000,4.687e-001,3.750e000,4.687e-001,
153,-1.406e000,-6.250e-001,2.968e000,0.000e000,
154,-4.687e-001,-3.125e-001,2.968e000,3.125e-001,
155,0.000e000,3.125e-001,3.593e000,0.000e000,
156,-4.687e-001,1.562e-001,3.125e000,0.000e000,
157,0.000e000,-3.125e-001,3.750e000,4.687e-001,
158,-4.687e-001,-6.250e-001,3.593e000,1.562e-001,
159,3.906e000,3.125e-001,2.968e000,4.687e-001,
160,3.593e000,-4.687e-001,3.125e000,4.687e-001,
161,2.812e000,3.125e-001,3.593e000,1.562e-001,
162,3.437e000,1.562e-001,3.125e000,4.687e-001,
163,2.812e000,-3.125e-001,3.593e000,0.000e000,
164,3.281e000,-3.125e-001,3.125e000,0.000e000,
165,2.656e000,1.562e-001,3.593e000,4.687e-001,
166,2.031e000,4.687e-001,3.593e000,0.000e000,
167,-1.250e000,-6.250e-001,2.968e000,4.687e-001,
168,0.000e000,-3.125e-001,3.593e000,3.125e-001,
169,-6.250e-001,3.125e-001,3.125e000,1.562e-001,
170,-4.687e-001,-3.125e-001,2.968e000,4.687e-001,
171,0.000e000,3.125e-001,3.593e000,0.000e000,
172,-4.687e-001,-4.687e-001,2.968e000,1.562e-001,
173,3.906e000,3.125e-001,3.750e000,4.687e-001,
174,3.437e000,1.562e-001,3.593e000,1.562e-001,
175,2.812e000,-3.125e-001,2.968e000,3.125e-001,
176,2.968e000,1.562e-001,3.125e000,4.687e-001,
177,3.437e000,-3.125e-001,3.593e000,0.000e000,
178,3.281e000,3.125e-001,3.593e000,3.125e-001,
179,-1.093e000,-4.687e-001,2.968e000,1.562e-001,
180,1.562e-001,3.125e-001,3.593e000,1.562e-001,
181,-7.812e-001,-4.687e-001,3.125e000,4.687e-001,
182,-4.687e-001,-3.125e-001,3.125e000,1.562e-001,
183,0.000e000,3.125e-001,3.593e000,4.687e-001,
184,-6.250e-001,3.125e-001,3.593e000,4.687e-001,
185,3.125e-001,-4.687e-001,2.968e000,0.000e000,
186,1.093e000,4.687e-001,3.593e000,3.125e-001,
187,3.906e000,-4.687e-001,2.968e000,1.562e-001,
188,2.812e000,1.562e-001,3.593e000,1.562e-001,
189,3.281e000,-3.125e-001,3.125e000,4.687e-001,
190,3.281e000,3.125e-001,3.593e000,1.562e-001,
191,2.812e000,-4.687e-001,2.968e000,4.687e-001,
192,3.281e000,-4.687e-001,3.750e000,3.125e-001,
193,-1.093e000,3.125e-001,2.968e000,0.000e000,
194,0.000e000,-3.125e-001,3.593e000,4.687e-001,
195,-6.250e-001,1.562e-001,2.968e000,0.000e000,
196,-4.687e-001,1.562e-001,3.125e000,1.562e-001,
197,0.000e000,-3.125e-001,3.593e000,3.125e-001,
198,-4.687e-001,-6.250e-001,3.125e000,4.687e-001,
199,4.062e000,4.687e-001,3.593e000,0.000e000,
200,2.812e000,3.125e-001,3.593e000,4.687e-001,
201,3.593e000,-4.687e-001,2.968e000,0.000e000,
202,3.437e000,1.562e-001,3.125e000,1.562e-001,
203,2.812e000,-3.125e-001,3.593e000,4.687e-001,
204,2.812e000,-3.125e-001,3.125e000,0.000e000,
205,3.437e000,3.125e-001,3.593e000,4.687e-001,
206,2.343e000,4.687e-001,3.593e000,1.562e-001,
207,-1.093e000,-4.687e-001,3.125e000,4.687e-001,
208,-4.687e-001,-3.125e-001,3.125e000,3.125e-001,
209,0.000e000,3.125e-001,3.593e000,1.562e-001,
210,-4.687e-001,3.125e-001,2.968e000,4.687e-001,
211,0.000e000,-3.125e-001,3.593e000,0.000e000,
212,-4.687e-001,-6.250e-001,3.125e000,1.562e-001,
213,3.906e000,4.687e-001,3.593e000,4.687e-001,
214,2.812e000,3.125e-001,3.593e000,3.125e-001,
215,3.437e000,-4.687e-001,2.968e000,1.562e-001,
216,2.812e000,1.562e-001,2.968e000,0.000e000,
217,3.437e000,-3.125e-001,3.593e000,4.687e-001,
218,3.281e000,3.125e-001,2.968e000,3.125e-001,
219,-1.250e000,-6.250e-001,3.750e000,1.562e-001,
220,-6.250e-001,-3.125e-001,2.968e000,3.125e-001,
221,1.562e-001,1.562e-001,3.593e000,1.562e-001,
222,-1.562e-001,-3.125e-001,3.125e000,4.687e-001,
223,-6.250e-001,3.125e-001,3.437e000,0.000e000,
224,-4.687e-001,-3.125e-001,3.125e000,3.125e-001,
225,0.000e000,3.125e-001,3.593e000,1.562e-001,
226,7.812e-001,-4.687e-001,3.593e000,0.000e000,
227,3.906e000,4.687e-001,2.968e000,4.687e-001,
228,2.812e000,-4.687e-001,3.125e000,0.000e000,
229,3.437e000,3.125e-001,3.593e000,4.687e-001,
230,3.281e000,1.562e-001,3.125e000,0.000e000,
231,2.812e000,-3.125e-001,3.593e000,4.687e-001,
232,3.281e000,4.687e-001,3.593e000,4.687e-001,
233,-1.250e000,-7.812e-001,2.968e000,0.000e000,
234,-6.250e-001,1.562e-001,3.593e000,3.125e-001,
235,-1.562e-001,-3.125e-001,3.125e000,0.000e000,
236,0.000e000,1.562e-001,3.125e000,4.687e-001,
237,-6.250e-001,-3.125e-001,3.593e000,0.000e000,
238,-6.250e-001,3.125e-001,2.968e000,4.687e-001,
239,3.906e000,-4.687e-001,3.750e000,0.000e000,
240,3.593e000,-3.125e-001,3.593e000,1.562e-001,
241,2.656e000,4.687e-001,2.968e000,3.125e-001,
242,3.437e000,1.562e-001,3.593e000,4.687e-001,
243,2.812e000,-3.125e-001,2.968e000,0.000e000,
244,2.812e000,1.562e-001,3.437e000,0.000e000,
245,3.437e000,-3.125e-001,2.968e000,4.687e-001,
246,2.343e000,4.687e-001,3.593e000,3.125e-001,
247,-1.250e000,-4.687e-001,2.968e000,1.562e-001,
248,0.000e000,-4.687e-001,2.968e000,1.562e-001,
249,-6.250e-001,3.125e-001,3.593e000,4.687e-001,
250,-4.687e-001,1.562e-001,3.125e000,1.562e-001,
251,1.562e-001,-3.125e-001,3.593e000,4.687e-001,
252,-4.687e-001,-6.250e-001,2.968e000,1.562e-001,
253,3.906e000,3.125e-001,4.062e000,4.687e-001,
254,2.812e000,1.562e-001,3.125e000,3.125e-001,
255,3.437e000,-3.125e-001,3.593e000,0.000e000,
256,3.437e000,1.562e-001,3.125e000,1.562e-001,
257,2.812e000,-3.125e-001,3.593e000,4.687e-001,
258,3.281e000,-4.687e-001,3.125e000,1.562e-001,
259,-1.093e000,3.125e-001,3.750e000,4.687e-001,
260,-7.812e-001,-3.125e-001,3.593e000,4.687e-001,
261,1.562e-001,1.562e-001,2.968e000,0.000e000,
262,-6.250e-001,-3.125e-001,2.968e000,4.687e-001,
263,0.000e000,3.125e-001,3.593e000,0.000e000,
264,-4.687e-001,-3.125e-001,2.968e000,3.125e-001,
265,0.000e000,1.562e-001,3.593e000,0.000e000,
266,6.250e-001,-3.125e-001,3.125e000,1.562e-001,
267,3.906e000,4.687e-001,3.593e000,4.687e-001,
268,2.812e000,3.125e-001,3.593e000,3.125e-001,
269,3.437e000,-3.125e-001,2.968e000,1.562e-001,
270,3.281e000,1.562e-001,3.125e000,1.562e-001,
271,2.812e000,-3.125e-001,3.593e000,4.687e-001,
272,3.281e000,3.125e-001,3.750e000,1.562e-001,
273,-1.093e000,-4.687e-001,2.968e000,4.687e-001,
274,-4.687e-001,-3.125e-001,3.125e000,3.125e-001,
275,0.000e000,3.125e-001,3.593e000,1.562e-001,
276,-4.687e-001,-3.125e-001,3.437e000,0.000e000,
277,0.000e000,1.562e-001,3.125e000,4.687e-001,
278,-4.687e-001,-4.687e-001,3.593e000,1.562e-001,
279,4.062e000,4.687e-001,2.968e000,4.687e-001,
280,2.656e000,3.125e-001,3.593e000,3.125e-001,
281,3.750e000,-4.687e-001,2.968e000,0.000e000,
282,3.437e000,-3.125e-001,2.968e000,1.562e-001,
283,2.812e000,1.562e-001,3.593e000,4.687e-001,
284,2.812e000,-3.125e-001,3.125e000,1.562e-001,
285,3.437e000,3.125e-001,3.593e000,4.687e-001,
286,2.187e000,4.687e-001,3.593e000,3.125e-001,
287,-9.375e-001,-3.125e-001,2.968e000,1.562e-001,
288,-1.562e-001,-3.125e-001,2.968e000,3.125e-001,
289,-6.250e-001,3.125e-001,3.593e000,0.000e000,
290,0.000e000,-3.125e-001,3.125e000,1.562e-001,
291,-6.250e-001,1.562e-001,3.593e000,4.687e-001,
292,-4.687e-001,3.125e-001,3.593e000,0.000e000,
293,3.906e000,-4.687e-001,2.968e000,4.687e-001,
294,3.437e000,-3.125e-001,2.968e000,1.562e-001,
295,2.812e000,3.125e-001,3.593e000,4.687e-001,
296,3.437e000,1.562e-001,2.968e000,0.000e000,
297,2.812e000,-3.125e-001,3.593e000,4.687e-001,
298,3.281e000,3.125e-001,3.593e000,1.562e-001,
299,-1.093e000,-4.687e-001,2.968e000,4.687e-001,
300,-7.812e-001,3.125e-001,3.125e000,1.562e-001,
301,0.000e000,-3.125e-001,3.593e000,3.125e-001,
302,0.000e000,1.562e-001,3.125e000,4.687e-001,
303,-6.250e-001,-3.125e-001,3.750e000,0.000e000,
304,0.000e000,-3.125e-001,3.593e000,4.687e-001,
305,-6.250e-001,1.562e000,2.968e000,0.000e000,
306,7.812e-001,2.187e000,2.656e000,1.562e-001,
307,4.062e000,5.468e000,3.906e000,4.687e-001,
308,2.812e000,3.593e000,3.593e000,3.125e-001,
309,3.437e000,4.218e000,3.125e000,1.562e-001,
310,3.281e000,4.062e000,2.968e000,4.687e-001,
311,2.812e000,3.593e000,3.593e000,0.000e000,
312,3.281e000,4.218e000,2.968e000,3.125e-001,
313,-1.093e000,3.281e000,3.593e000,0.000e000,
314,0.000e000,3.593e000,3.593e000,0.000e000,
315,-6.250e-001,4.218e000,2.968e000,4.687e-001,
316,-4.687e-001,3.593e000,3.593e000,1.562e-001,
317,0.000e000,4.218e000,2.968e000,4.687e-001,
318,-4.687e-001,3.593e000,2.968e000,1.562e-001,
319,3.906e000,4.375e000,3.750e000,4.687e-001,
320,2.812e000,3.593e000,3.125e000,1.562e-001,
321,3.750e000,4.218e000,3.593e000,4.687e-001,
322,3.437e000,3.593e000,3.125e000,1.562e-001,
323,2.812e000,4.218e000,3.593e000,3.125e-001,
324,3.437e000,3.593e000,3.125e000,3.125e-001,
325,2.656e000,4.218e000,3.593e000,1.562e-001,
326,2.031e000,4.218e000,3.593e000,0.000e000,
327,-1.093e000,3.437e000,2.968e000,4.687e-001,
328,0.000e000,4.062e000,3.125e000,0.000e000,
329,-6.250e-001,3.593e000,3.593e000,4.687e-001,
330,-4.687e-001,4.218e000,3.593e000,4.687e-001,
331,0.000e000,3.593e000,3.125e000,0.000e000,
332,-4.687e-001,3.437e000,2.968e000,3.125e-001,
333,3.906e000,4.375e000,3.593e000,1.562e-001,
334,3.437e000,3.593e000,3.593e000,1.562e-001,
335,2.812e000,4.218e000,3.125e000,4.687e-001,
336,2.812e000,4.062e000,3.125e000,1.562e-001,
337,3.437e000,3.593e000,3.593e000,4.687e-001,
338,3.281e000,4.218e000,3.593e000,0.000e000,
339,-1.250e000,3.437e000,2.968e000,4.687e-001,
340,0.000e000,3.593e000,3.593e000,0.000e000,
341,-6.250e-001,4.218e000,2.968e000,4.687e-001,
342,-6.250e-001,3.593e000,3.593e000,3.125e-001,
343,0.000e000,4.218e000,2.968e000,0.000e000,
344,-4.687e-001,3.593e000,3.593e000,4.687e-001,
345,1.562e-001,4.218e000,3.125e000,0.000e000,
346,7.812e-001,3.593e000,2.968e000,1.562e-001,
347,3.906e000,4.375e000,3.750e000,4.687e-001,
348,3.281e000,4.218e000,3.593e000,0.000e000,
349,2.812e000,3.437e000,3.125e000,4.687e-001,
350,3.281e000,3.593e000,3.125e000,1.562e-001,
351,2.812e000,4.218e000,3.593e000,3.125e-001,
352,3.437e000,4.375e000,3.125e000,0.000e000,
353,-1.093e000,3.437e000,3.593e000,4.687e-001,
354,-6.250e-001,3.437e000,3.125e000,1.562e-001,
355,0.000e000,4.218e000,3.750e000,4.687e-001,
356,0.000e000,3.593e000,3.125e000,4.687e-001,
357,-4.687e-001,4.218e000,3.593e000,0.000e000,
358,-6.250e-001,3.437e000,3.593e000,3.125e-001,
359,3.906e000,4.375e000,2.968e000,0.000e000,
360,2.812e000,3.593e000,3.125e000,3.125e-001,
361,3.593e000,4.218e000,3.593e000,1.562e-001,
362,3.437e000,3.593e000,3.125e000,3.125e-001,
363,2.656e000,4.218e000,3.437e000,0.000e000,
364,2.812e000,3.593e000,3.125e000,3.125e-001,
365,3.437e000,4.062e000,3.593e000,0.000e000,
366,2.343e000,4.218e000,3.750e000,3.125e-001,
367,-1.093e000,3.437e000,2.968e000,1.562e-001,
368,0.000e000,3.593e000,3.593e000,4.687e-001,
369,-6.250e-001,4.062e000,2.968e000,1.562e-001,
370,-4.687e-001,4.062e000,3.593e000,1.562e-001,
371,0.000e000,3.593e000,2.968e000,4.687e-001,
372,-4.687e-001,3.437e000,3.593e000,1.562e-001,
373,3.750e000,4.375e000,2.968e000,4.687e-001,
374,2.968e000,3.593e000,3.125e000,3.125e-001,
375,3.437e000,4.218e000,3.437e000,0.000e000,
376,2.968e000,3.593e000,3.750e000,3.125e-001,
377,3.437e000,4.218e000,2.968e000,0.000e000,
378,3.281e000,4.218e000,3.750e000,1.562e-001,
379,-1.093e000,3.281e000,2.968e000,3.125e-001,
380,0.000e000,3.593e000,2.968e000,1.562e-001,
381,-7.812e-001,4.218e000,3.437e000,4.687e-001,
382,0.000e000,4.062e000,3.593e000,3.125e-001,
383,-6.250e-001,3.593e000,2.968e000,1.562e-001,
384,-4.687e-001,4.218e000,2.968e000,3.125e-001,
385,1.562e-001,3.437e000,3.593e000,1.562e-001,
386,6.250e-001,3.281e000,2.968e000,1.562e-001,
387,3.906e000,4.218e000,3.750e000,3.125e-001,
388,3.437e000,4.218e000,3.125e000,4.687e-001,
389,2.812e000,3.593e000,3.593e000,0.000e000,
390,2.812e000,4.218e000,3.125e000,0.000e000,
391,3.437e000,3.593e000,3.593e000,4.687e-001,
392,3.281e000,4.531e000,3.593e000,1.562e-001,
393,-1.093e000,3.281e000,2.968e000,4.687e-001,
394,0.000e000,4.062e000,3.593e000,0.000e000,
395,-6.250e-001,3.593e000,2.968e000,4.687e-001,
396,-4.687e-001,3.437e000,3.125e000,3.125e-001,
397,0.000e000,4.062e000,3.593e000,0.000e000,
398,-4.687e-001,3.281e000,3.593e000,0.000e000,
399,3.906e000,4.218e000,2.968e000,4.687e-001,
400,2.812e000,3.593e000,3.125e000,3.125e-001,
401,3.750e000,4.218e000,3.593e000,1.562e-001,
402,2.812e000,3.593e000,3.125e000,1.562e-001,
403,3.437e000,4.218e000,3.593e000,3.125e-001,
404,3.437e000,4.062e000,3.125e000,0.000e000,
405,2.656e000,3.593e000,3.593e000,4.687e-001,
406,2.187e000,4.218e000,2.968e000,3.125e-001,
407,-1.093e000,3.437e000,3.593e000,0.000e000,
408,0.000e000,3.593e000,3.593e000,3.125e-001,
409,-6.250e-001,4.218e000,2.968e000,1.562e-001,
410,-4.687e-001,4.062e000,3.125e000,4.687e-001,
411,0.000e000,3.437e000,3.593e000,0.000e000,
412,-4.687e-001,3.437e000,3.750e000,1.562e-001,
413,3.906e000,4.218e000,2.968e000,4.687e-001,
414,3.437e000,3.593e000,3.125e000,3.125e-001,
415,2.812e000,4.218e000,3.593e000,0.000e000,
416,2.656e000,4.218e000,3.593e000,4.687e-001,
417,3.281e000,3.593e000,2.968e000,0.000e000,
418,3.281e000,4.218e000,2.968e000,4.687e-001,
419,-1.250e000,3.437e000,3.750e000,0.000e000,
420,0.000e000,3.437e000,3.125e000,3.125e-001,
421,-7.812e-001,4.218e000,3.593e000,1.562e-001,
422,0.000e000,4.062e000,3.125e000,1.562e-001,
423,-6.250e-001,3.593e000,3.593e000,4.687e-001,
424,0.000e000,4.218e000,3.593e000,4.687e-001,
425,-6.250e-001,3.437e000,2.968e000,0.000e000,
426,6.250e-001,3.437e000,3.593e000,1.562e-001,
427,4.062e000,4.218e000,2.968e000,4.687e-001,
428,3.437e000,3.593e000,3.125e000,3.125e-001,
429,2.812e000,4.062e000,3.593e000,0.000e000,
430,2.812e000,4.218e000,3.125e000,0.000e000,
431,3.437e000,3.593e000,3.593e000,4.687e-001,
432,3.281e000,4.218e000,3.750e000,3.125e-001,
433,-1.250e000,3.281e000,2.968e000,0.000e000,
434,-4.687e-001,3.593e000,2.968e000,1.562e-001,
435,0.000e000,4.062e000,3.593e000,4.687e-001,
436,-4.687e-001,3.593e000,3.593e000,0.000e000,
437,0.000e000,4.062e000,2.968e000,4.687e-001,
438,-4.687e-001,3.437e000,2.968e000,0.000e000,
439,3.906e000,4.218e000,3.750e000,4.687e-001,
440,2.656e000,4.218e000,3.593e000,1.562e-001,
441,3.750e000,3.437e000,2.968e000,4.687e-001,
442,3.437e000,3.593e000,3.125e000,3.125e-001,
443,2.812e000,4.062e000,3.593e000,1.562e-001,
444,3.437e000,4.062e000,3.437e000,4.687e-001,
445,2.656e000,3.437e000,2.968e000,0.000e000,
446,2.187e000,4.218e000,3.593e000,1.562e-001,
447,-1.093e000,3.437e000,2.968e000,4.687e-001,
448,-6.250e-001,3.593e000,3.593e000,1.562e-001,
449,0.000e000,4.062e000,2.968e000,4.687e-001,
450,-4.687e-001,3.593e000,2.968e000,1.562e-001,
451,0.000e000,4.218e000,3.593e000,4.687e-001,
452,-4.687e-001,3.437e000,2.968e000,3.125e-001,
453,3.906e000,4.218e000,3.593e000,0.000e000,
454,2.812e000,4.062e000,3.437e000,1.562e-001,
455,3.437e000,3.593e000,2.968e000,4.687e-001,
456,2.812e000,3.593e000,3.125e000,3.125e-001,
457,3.281e000,4.218e000,3.593e000,0.000e000,
458,3.281e000,4.218e000,3.593e000,3.125e-001,
459,-1.093e000,3.437e000,2.968e000,0.000e000,
460,0.000e000,4.218e000,3.593e000,4.687e-001,
461,-9.375e-001,3.437e000,3.125e000,1.562e-001,
462,0.000e000,4.062e000,3.125e000,3.125e-001,
463,-6.250e-001,3.437e000,3.750e000,1.562e-001,
464,-4.687e-001,4.062e000,3.593e000,4.687e-001,
465,3.125e-001,3.437e000,2.968e000,0.000e000,
466,9.375e-001,3.437e000,3.125e000,1.562e-001,
467,4.062e000,4.375e000,3.593e000,4.687e-001,
468,2.812e000,3.593e000,3.125e000,4.687e-001,
469,3.437e000,4.218e000,3.593e000,0.000e000,
470,3.281e000,3.593e000,3.125e000,3.125e-001,
471,2.812e000,4.062e000,3.593e000,0.000e000,
472,3.281e000,4.218e000,3.750e000,3.125e-001,
473,-1.406e000,3.437e000,2.968e000,0.000e000,
474,-6.250e-001,3.593e000,3.437e000,3.125e-001,
475,0.000e000,4.062e000,3.125e000,0.000e000,
476,0.000e000,4.062e000,3.125e000,4.687e-001,
477,-6.250e-001,3.593e000,3.593e000,0.000e000,
478,-6.250e-001,4.062e000,3.593e000,3.125e-001,
479,3.906e000,3.281e000,2.968e000,1.562e-001,
480,2.812e000,3.437e000,3.593e000,1.562e-001,
481,3.750e000,4.218e000,2.968e000,4.687e-001,
482,2.812e000,4.062e000,3.125e000,3.125e-001,
483,3.281e000,3.437e000,3.593e000,0.000e000,
484,3.281e000,3.437e000,3.593e000,3.125e-001,
485,2.500e000,4.218e000,2.968e000,0.000e000,
486,2.187e000,4.218e000,3.593e000,3.125e-001,
487,-1.093e000,3.281e000,2.968e000,0.000e000,
488,0.000e000,4.062e000,3.593e000,3.125e-001,
489,-6.250e-001,3.437e000,2.968e000,0.000e000,
490,-4.687e-001,4.062e000,3.437e000,1.562e-001,
491,0.000e000,3.437e000,3.125e000,4.687e-001,
492,-4.687e-001,3.437e000,3.593e000,3.125e-001,
493,3.906e000,4.218e000,2.812e000,1.562e-001,
494,3.437e000,4.218e000,3.125e000,1.562e-001,
495,2.812e000,3.593e000,3.593e000,4.687e-001,
496,3.437e000,4.062e000,2.968e000,3.125e-001,
497,2.812e000,3.437e000,3.593e000,0.000e000,
498,3.281e000,3.437e000,3.593e000,1.562e-001,
499,-1.250e000,4.218e000,2.968e000,4.687e-001,
500,0.000e000,3.593e000,3.593e000,3.125e-001,
501,-7.812e-001,4.218e000,2.968e000,1.562e-001,
502,0.000e000,4.062e000,3.593e000,3.125e-001,
503,-6.250e-001,3.593e000,2.968e000,0.000e000,
504,0.000e000,4.062e000,2.968e000,1.562e-001,
505,-6.250e-001,3.281e000,3.750e000,4.687e-001,
506,7.812e-001,3.437e000,3.125e000,1.562e-001,
507,3.906e000,4.531e000,3.750e000,3.125e-001,
508,3.281e000,3.437e000,2.968e000,3.125e-001,
509,2.812e000,4.062e000,3.593e000,0.000e000,
510,3.437e000,4.062e000,3.593e000,4.687e-001,
511,2.812e000,3.593e000,3.125e000,0.000e000,
512,3.281e000,3.593e000,2.968e000,4.687e-001,
513,-1.093e000,4.218e000,3.750e000,0.000e000,
514,0.000e000,4.062e000,3.125e000,0.000e000,
515,-6.250e-001,3.593e000,3.593e000,4.687e-001,
516,0.000e000,4.062e000,3.437e000,0.000e000,
517,-6.250e-001,3.593e000,2.968e000,4.687e-001,
518,-4.687e-001,4.062e000,2.968e000,3.125e-001,
519,3.750e000,-1.562e000,3.750e000,1.562e-001,
520,2.656e000,-7.812e-001,3.125e000,3.125e-001,
521,3.750e000,3.125e-001,3.593e000,0.000e000,
522,3.281e000,-6.250e-001,3.593e000,4.687e-001,
523,2.812e000,1.562e-001,2.968e000,0.000e000,
524,2.812e000,-4.687e-001,3.437e000,1.562e-001,
525,3.281e000,1.562e-001,2.968e000,4.687e-001,
526,2.187e000,3.125e-001,2.968e000,3.125e-001,
527,-1.093e000,-6.250e-001,3.593e000,0.000e000,
528,-4.687e-001,1.562e-001,2.968e000,3.125e-001,
529,0.000e000,-4.687e-001,3.593e000,1.562e-001,
530,0.000e000,1.562e-001,3.437e000,1.562e-001,
531,-6.250e-001,-4.687e-001,2.968e000,3.125e-001,
532,-4.687e-001,-4.687e-001,2.968e000,0.000e000,
533,3.906e000,3.125e-001,3.593e000,4.687e-001,
534,2.812e000,-3.125e-001,2.968e000,4.687e-001,
535,3.437e000,1.562e-001,3.593e000,0.000e000,
536,2.812e000,1.562e-001,3.593e000,1.562e-001,
537,3.437e000,-4.687e-001,2.968e000,4.687e-001,
538,3.281e000,1.562e-001,3.593e000,0.000e000,
539,-1.093e000,-7.812e-001,2.968e000,4.687e-001,
540,-6.250e-001,1.562e-001,2.968e000,4.687e-001,
541,1.562e-001,-6.250e-001,3.593e000,0.000e000,
542,-6.250e-001,1.562e-001,3.437e000,3.125e-001,
543,0.000e000,-4.687e-001,2.968e000,1.562e-001,
544,0.000e000,-4.687e-001,2.968e000,3.125e-001,
545,-4.687e-001,1.562e-001,3.593e000,0.000e000,
546,4.687e-001,-4.687e-001,2.968e000,3.125e-001,
547,3.750e000,4.687e-001,3.593e000,0.000e000,
548,2.812e000,1.562e-001,2.968e000,0.000e000,
549,3.437e000,-4.687e-001,3.593e000,4.687e-001,
550,3.281e000,1.562e-001,2.968e000,1.562e-001,
551,2.656e000,-4.687e-001,3.593e000,4.687e-001,
552,3.281e000,-6.250e-001,3.593e000,1.562e-001,
553,-1.250e000,3.125e-001,2.812e000,4.687e-001,
554,0.000e000,-4.687e-001,3.593e000,1.562e-001,
555,-6.250e-001,1.562e-001,2.968e000,4.687e-001,
556,-4.687e-001,-3.125e-001,2.968e000,4.687e-001,
557,0.000e000,1.562e-001,3.593e000,0.000e000,
558,-6.250e-001,-4.687e-001,3.125e000,3.125e-001,
559,3.906e000,3.125e-001,3.593e000,0.000e000,
560,2.656e000,1.562e-001,3.593e000,1.562e-001,
561,3.593e000,-4.687e-001,2.968e000,4.687e-001,
562,3.281e000,0.000e000,3.125e000,1.562e-001,
563,2.656e000,-3.125e-001,3.593e000,4.687e-001,
564,2.812e000,-4.687e-001,3.593e000,3.125e-001,
565,3.437e000,3.125e-001,2.968e000,1.562e-001,
566,2.656e000,-7.812e-001,3.593e000,4.687e-001,
567,-1.093e000,3.125e-001,2.968e000,0.000e000,
568,-4.687e-001,-3.125e-001,3.593e000,4.687e-001,
569,0.000e000,1.562e-001,2.968e000,0.000e000,
570,0.000e000,-3.125e-001,3.593e000,1.562e-001,
571,-6.250e-001,1.562e-001,2.968e000,3.125e-001,
572,-4.687e-001,-6.250e-001,3.593e000,1.562e-001,
573,3.906e000,4.687e-001,2.968e000,4.687e-001,
574,3.281e000,1.562e-001,2.968e000,1.562e-001,
575,2.656e000,-6.250e-001,3.593e000,4.687e-001,
576,3.281e000,1.562e-001,2.968e000,1.562e-001,
577,2.812e000,-4.687e-001,3.593e000,4.687e-001,
578,3.281e000,3.125e-001,3.593e000,0.000e000,
579,-1.250e000,-6.250e-001,2.812e000,4.687e-001,
580,0.000e000,-4.687e-001,3.437e000,3.125e-001,
581,-7.812e-001,1.562e-001,2.968e000,1.562e-001,
582,0.000e000,1.562e-001,3.437e000,0.000e000,
583,-6.250e-001,-4.687e-001,2.968e000,4.687e-001,
584,-4.687e-001,1.562e-001,3.437e000,3.125e-001,
585,0.000e000,-4.687e-001,2.968e000,0.000e000,
586,4.687e-001,-4.687e-001,2.968e000,4.687e-001,
587,3.906e000,3.125e-001,3.750e000,0.000e000,
588,2.812e000,1.562e-001,3.593e000,3.125e-001,
589,3.281e000,-4.687e-001,2.968e000,1.562e-001,
590,3.437e000,-3.125e-001,3.125e000,3.125e-001,
591,2.812e000,3.125e-001,3.593e000,1.562e-001,
592,3.281e000,3.125e-001,2.968e000,3.125e-001,
593,-1.093e000,-4.687e-001,3.750e000,1.562e-001,
594,-4.687e-001,1.562e-001,2.968e000,0.000e000,
595,0.000e000,-4.687e-001,3.593e000,4.687e-001,
596,0.000e000,1.562e-001,3.593e000,3.125e-001,
597,-6.250e-001,-3.125e-001,2.968e000,1.562e-001,
598,-6.250e-001,-4.687e-001,3.593e000,3.125e-001,
599,4.062e000,3.125e-001,2.968e000,1.562e-001,
600,3.593e000,-3.125e-001,2.968e000,3.125e-001,
601,2.656e000,3.125e-001,3.593e000,1.562e-001,
602,3.281e000,-3.125e-001,3.125e000,3.125e-001,
603,2.812e000,1.562e-001,3.437e000,1.562e-001,
604,3.281e000,-4.687e-001,3.593e000,0.000e000,
605,2.812e000,1.562e-001,2.968e000,4.687e-001,
606,2.187e000,4.687e-001,3.593e000,1.562e-001,
607,-1.093e000,-4.687e-001,2.812e000,4.687e-001,
608,0.000e000,1.562e-001,2.968e000,3.125e-001,
609,-6.250e-001,-4.687e-001,3.593e000,1.562e-001,
610,-4.687e-001,-3.125e-001,3.125e000,3.125e-001,
611,0.000e000,1.562e-001,3.593e000,0.000e000,
612,-4.687e-001,-6.250e-001,2.968e000,1.562e-001,
613,3.906e000,3.125e-001,3.593e000,4.687e-001,
614,3.437e000,1.562e-001,2.968e000,4.687e-001,
615,2.656e000,-4.687e-001,3.593e000,0.000e000,
616,2.812e000,-3.125e-001,3.125e000,3.125e-001,
617,3.281e000,1.562e-001,3.593e000,1.562e-001,
618,3.281e000,3.125e-001,2.968e000,4.687e-001,
619,-1.250e000,-6.250e-001,3.593e000,0.000e000,
620,0.000e000,3.125e-001,3.437e000,1.562e-001,
621,-7.812e-001,-4.687e-001,2.968e000,4.687e-001,
622,-4.687e-001,-3.125e-001,3.750e000,1.562e-001,
623,0.000e000,1.562e-001,2.968e000,4.687e-001,
624,-4.687e-001,1.562e-001,3.125e000,1.562e-001,
625,1.562e-001,-4.687e-001,3.593e000,3.125e-001,
626,9.375e-001,-4.687e-001,3.125e000,0.000e000,
627,3.906e000,4.687e-001,3.593e000,4.687e-001,
628,2.812e000,-3.125e-001,2.812e000,3.125e-001,
629,3.437e000,3.125e-001,3.593e000,1.562e-001,
630,3.281e000,-3.125e-001,3.593e000,0.000e000,
631,2.812e000,1.562e-001,2.968e000,4.687e-001,
632,3.281e000,-4.687e-001,3.593e000,0.000e000,
633,-1.093e000,3.125e-001,2.812e000,4.687e-001,
634,-4.687e-001,-3.125e-001,2.968e000,3.125e-001,
635,0.000e000,1.562e-001,3.593e000,0.000e000,
636,-4.687e-001,-3.125e-001,3.593e000,1.562e-001,
637,0.000e000,1.562e-001,2.968e000,4.687e-001,
638,-6.250e-001,-4.687e-001,2.968e000,0.000e000,
639,3.906e000,4.687e-001,3.593e000,4.687e-001,
640,3.593e000,1.562e-001,2.968e000,4.687e-001,
641,2.656e000,-3.125e-001,3.593e000,0.000e000,
642,3.437e000,-3.125e-001,3.125e000,1.562e-001,
643,2.812e000,1.562e-001,3.593e000,4.687e-001,
644,3.437e000,-3.125e-001,3.125e000,1.562e-001,
645,2.500e000,3.125e-001,3.593e000,4.687e-001,
646,2.031e000,3.125e-001,3.593e000,1.562e-001,
647,-1.093e000,-4.687e-001,2.968e000,4.687e-001,
648,0.000e000,-4.687e-001,3.437e000,3.125e-001,
649,-6.250e-001,3.125e-001,2.968e000,1.562e-001,
650,-4.687e-001,1.562e-001,3.437e000,1.562e-001,
651,0.000e000,-3.125e-001,2.968e000,4.687e-001,
652,-4.687e-001,-4.687e-001,3.593e000,0.000e000,
653,3.906e000,4.687e-001,2.968e000,4.687e-001,
654,3.437e000,1.562e-001,3.593e000,3.125e-001,
655,2.812e000,-4.687e-001,2.968e000,0.000e000,
656,2.812e000,1.562e-001,2.968e000,4.687e-001,
657,3.437e000,-4.687e-001,3.593e000,1.562e-001,
658,3.281e000,3.125e-001,3.593e000,1.562e-001,
659,-1.093e000,-4.687e-001,2.968e000,4.687e-001,
660,0.000e000,1.562e-001,3.593e000,1.562e-001,
661,-7.812e-001,-4.687e-001,2.968e000,4.687e-001,
662,-4.687e-001,-3.125e-001,2.968e000,0.000e000,
663,0.000e000,1.562e-001,3.593e000,4.687e-001,
664,-4.687e-001,1.562e-001,3.437e000,0.000e000,
665,0.000e000,-6.250e-001,2.968e000,4.687e-001,
666,9.375e-001,-4.687e-001,2.968e000,0.000e000,
667,3.906e000,4.687e-001,3.593e000,3.125e-001,
668,3.281e000,-3.125e-001,2.968e000,1.562e-001,
669,2.812e000,1.562e-001,3.593e000,4.687e-001,
670,3.281e000,1.562e-001,3.593e000,1.562e-001,
671,2.812e000,-3.125e-001,2.968e000,4.687e-001,
672,3.281e000,1.562e-001,2.968e000,3.125e-001,
673,-1.093e000,-4.687e-001,3.593e000,1.562e-001,
674,-4.687e-001,-3.125e-001,3.437e000,1.562e-001,
675,0.000e000,3.125e-001,2.968e000,4.687e-001,
676,0.000e000,-3.125e-001,3.593e000,0.000e000,
677,-4.687e-001,3.125e-001,2.968e000,4.687e-001,
678,-6.250e-001,-4.687e-001,2.968e000,4.687e-001,
679,3.750e000,3.125e-001,3.750e000,0.000e000,
680,2.656e000,1.562e-001,2.968e000,4.687e-001,
681,3.593e000,-4.687e-001,3.593e000,0.000e000,
682,3.437e000,1.562e-001,2.968e000,0.000e000,
683,2.812e000,-3.125e-001,3.593e000,4.687e-001,
684,2.812e000,-3.125e-001,3.125e000,1.562e-001,
685,3.437e000,1.562e-001,3.593e000,4.687e-001,
686,2.187e000,3.125e-001,3.593e000,3.125e-001,
687,-1.093e000,-4.687e-001,2.968e000,1.562e-001,
688,-1.562e-001,3.125e-001,2.968e000,0.000e000,
689,-6.250e-001,-3.125e-001,3.593e000,4.687e-001,
690,0.000e000,1.562e-001,3.593e000,0.000e000,
691,-4.687e-001,-3.125e-001,2.968e000,4.687e-001,
692,-4.687e-001,-6.250e-001,2.968e000,0.000e000,
693,3.750e000,3.125e-001,3.593e000,4.687e-001,
694,2.812e000,-3.125e-001,3.437e000,1.562e-001,
695,3.437e000,3.125e-001,2.968e000,3.125e-001,
696,2.812e000,1.562e-001,2.968e000,1.562e-001,
697,3.437e000,-3.125e-001,3.593e000,4.687e-001,
698,3.281e000,3.125e-001,2.968e000,4.687e-001,
699,-1.093e000,-4.687e-001,3.593e000,0.000e000,
700,0.000e000,1.562e-001,2.812e000,1.562e-001,
701,-9.375e-001,-4.687e-001,3.593e000,4.687e-001,
702,-6.250e-001,1.562e-001,3.593e000,3.125e-001,
703,0.000e000,-4.687e-001,2.812e000,0.000e000,
704,-6.250e-001,-3.125e-001,3.593e000,0.000e000,
705,0.000e000,1.562e-001,2.968e000,4.687e-001,
706,6.250e-001,3.125e-001,2.812e000,0.000e000,
707,4.062e000,-4.687e-001,3.593e000,4.687e-001,
708,3.281e000,1.562e-001,3.437e000,1.562e-001,
709,2.812e000,-3.125e-001,2.968e000,4.687e-001,
710,2.812e000,1.562e-001,2.968e000,1.562e-001,
711,3.437e000,-4.687e-001,3.593e000,4.687e-001,
712,3.281e000,3.125e-001,3.593e000,0.000e000,
713,-9.375e-001,-6.250e-001,2.968e000,4.687e-001,
714,0.000e000,-3.125e-001,2.968e000,1.562e-001,
715,-6.250e-001,1.562e-001,3.593e000,4.687e-001,
716,-4.687e-001,1.562e-001,3.437e000,4.687e-001,
717,0.000e000,-3.125e-001,2.968e000,1.562e-001,
718,-6.250e-001,-6.250e-001,2.968e000,3.125e-001,
719,3.906e000,3.125e-001,3.593e000,1.562e-001,
720,2.812e000,1.562e-001,2.968e000,1.562e-001,
721,3.593e000,-4.687e-001,3.750e000,4.687e-001,
722,2.812e000,-3.125e-001,2.968e000,3.125e-001,
723,3.437e000,1.562e-001,3.593e000,1.562e-001,
724,2.812e000,-3.125e-001,2.968e000,1.562e-001,
725,3.281e000,1.562e-001,3.593e000,4.687e-001,
726,2.187e000,4.687e-001,3.593e000,4.687e-001,
727,-1.093e000,-4.687e-001,-7.812e-001,0.000e000,
728,0.000e000,1.562e-001,4.687e-001,0.000e000,
729,-6.250e-001,-3.125e-001,-3.125e-001,4.687e-001,
730,-4.687e-001,-4.687e-001,1.562e-001,3.125e-001,
731,0.000e000,3.125e-001,-4.687e-001,0.000e000,
732,-6.250e-001,-3.125e-001,-6.250e-001,0.000e000,
733,4.062e000,5.468e000,4.687e-001,4.687e-001,
734,2.812e000,4.062e000,-3.125e-001,0.000e000,
735,3.437e000,3.437e000,1.562e-001,4.687e-001,
736,2.812e000,3.593e000,-3.125e-001,1.562e-001,
737,3.437e000,4.218e000,1.562e-001,4.687e-001,
738,3.281e000,4.218e000,3.125e-001,0.000e000,
739,-1.093e000,3.281e000,-4.687e-001,4.687e-001,
740,0.000e000,4.062e000,1.562e-001,1.562e-001,
741,-6.250e-001,3.593e000,-3.125e-001,3.125e-001,
742,-4.687e-001,3.593e000,1.562e-001,1.562e-001,
743,0.000e000,4.218e000,-4.687e-001,4.687e-001,
744,-4.687e-001,4.218e000,-4.687e-001,3.125e-001,
745,3.125e-001,3.593e000,3.125e-001,1.562e-001,
746,9.375e-001,3.593e000,1.562e-001,1.562e-001,
747,4.062e000,4.375e000,-4.687e-001,4.687e-001,
748,2.812e000,3.593e000,1.562e-001,1.562e-001,
749,3.593e000,4.218e000,-3.125e-001,4.687e-001,
750,3.281e000,4.062e000,1.562e-001,1.562e-001,
751,2.968e000,3.593e000,-3.125e-001,4.687e-001,
752,3.281e000,4.375e000,-4.687e-001,1.562e-001,
753,-1.406e000,3.437e000,3.125e-001,4.687e-001,
754,0.000e000,3.437e000,1.562e-001,3.125e-001,
755,-6.250e-001,4.218e000,-3.125e-001,1.562e-001,
756,0.000e000,3.437e000,3.125e-001,3.125e-001,
757,-6.250e-001,4.218e000,-3.125e-001,1.562e-001,
758,-6.250e-001,4.218e000,1.562e-001,0.000e000,
759,4.062e000,3.437e000,-4.687e-001,4.687e-001,
760,3.750e000,3.593e000,1.562e-001,3.125e-001,
761,2.812e000,4.218e000,-3.125e-001,1.562e-001,
762,2.812e000,4.062e000,1.562e-001,3.125e-001,
763,3.437e000,3.593e000,-3.125e-001,0.000e000,
764,3.281e000,3.593e000,-3.125e-001,3.125e-001,
765,2.500e000,4.218e000,1.562e-001,0.000e000,
766,2.031e000,4.218e000,1.562e-001,3.125e-001,
767,-1.093e000,3.281e000,-3.125e-001,0.000e000,
768,-6.250e-001,4.062e000,-3.125e-001,3.125e-001,
769,0.000e000,3.437e000,1.562e-001,1.562e-001,
770,-4.687e-001,4.062e000,1.562e-001,1.562e-001,
771,0.000e000,3.593e000,-3.125e-001,4.687e-001,
772,-4.687e-001,4.218e000,-4.687e-001,3.125e-001,
773,3.906e000,3.437e000,4.687e-001,1.562e-001,
774,2.812e000,3.593e000,1.562e-001,1.562e-001,
775,3.437e000,4.218e000,-3.125e-001,4.687e-001,
776,2.812e000,3.593e000,1.562e-001,1.562e-001,
777,3.281e000,4.062e000,-4.687e-001,3.125e-001,
778,3.281e000,3.437e000,3.125e-001,3.125e-001,
779,-1.250e000,4.218e000,-4.687e-001,0.000e000,
780,-6.250e-001,4.062e000,1.562e-001,4.687e-001,
781,1.562e-001,3.593e000,-3.125e-001,0.000e000,
782,-6.250e-001,4.062e000,1.562e-001,3.125e-001,
783,0.000e000,3.437e000,-3.125e-001,0.000e000,
784,-4.687e-001,4.062e000,1.562e-001,3.125e-001,
785,4.687e-001,3.437e000,-3.125e-001,0.000e000,
786,1.093e000,3.593e000,-3.125e-001,1.562e-001,
787,3.906e000,4.375e000,3.125e-001,3.125e-001,
788,3.437e000,3.593e000,1.562e-001,0.000e000,
789,2.812e000,4.218e000,-3.125e-001,4.687e-001,
790,3.281e000,4.062e000,1.562e-001,4.687e-001,
791,2.812e000,3.593e000,-3.125e-001,0.000e000,
792,3.281e000,4.218e000,3.125e-001,4.687e-001,
793,-1.250e000,3.437e000,-4.687e-001,0.000e000,
794,-1.562e-001,3.593e000,-3.125e-001,3.125e-001,
795,-4.687e-001,4.062e000,1.562e-001,0.000e000,
796,0.000e000,4.062e000,-3.125e-001,3.125e-001,
797,-6.250e-001,3.593e000,1.562e-001,0.000e000,
798,-4.687e-001,3.437e000,-3.125e-001,4.687e-001,
799,3.906e000,4.218e000,4.687e-001,0.000e000,
800,2.656e000,4.062e000,-1.562e-001,4.687e-001,
801,3.750e000,3.437e000,3.125e-001,1.562e-001,
802,3.437e000,4.062e000,-3.125e-001,1.562e-001,
803,2.968e000,3.593e000,1.562e-001,4.687e-001,
804,3.281e000,4.218e000,1.562e-001,1.562e-001,
805,2.500e000,3.437e000,-3.125e-001,4.687e-001,
806,2.031e000,4.218e000,3.125e-001,4.687e-001,
807,-1.093e000,3.437e000,-4.687e-001,0.000e000,
808,-6.250e-001,4.062e000,-3.125e-001,3.125e-001,
809,0.000e000,3.437e000,3.125e-001,0.000e000,
810,-6.250e-001,3.593e000,-3.125e-001,3.125e-001,
811,0.000e000,4.062e000,1.562e-001,0.000e000,
812,-4.687e-001,3.437e000,-3.125e-001,1.562e-001,
813,3.750e000,4.375e000,3.125e-001,4.687e-001,
814,2.656e000,4.062e000,1.562e-001,1.562e-001,
815,3.437e000,3.437e000,-3.125e-001,4.687e-001,
816,2.968e000,4.062e000,1.562e-001,4.687e-001,
817,3.437e000,3.593e000,-4.687e-001,0.000e000,
818,3.281e000,4.218e000,3.125e-001,3.125e-001,
819,-1.250e000,3.437e000,-4.687e-001,1.562e-001,
820,1.562e-001,4.062e000,-3.125e-001,1.562e-001,
821,-7.812e-001,3.437e000,1.562e-001,4.687e-001,
822,-4.687e-001,4.062e000,3.125e-001,4.687e-001,
823,-1.562e-001,3.437e000,-3.125e-001,0.000e000,
824,-4.687e-001,4.062e000,1.562e-001,1.562e-001,
825,1.562e-001,3.281e000,-3.125e-001,4.687e-001,
826,7.812e-001,3.437e000,-3.125e-001,1.562e-001,
827,3.906e000,4.218e000,3.125e-001,4.687e-001,
828,2.968e000,3.593e000,1.562e-001,4.687e-001,
829,3.281e000,4.218e000,-3.125e-001,0.000e000,
830,3.437e000,4.062e000,-3.125e-001,3.125e-001,
831,2.812e000,3.593e000,1.562e-001,0.000e000,
832,3.281e000,4.218e000,1.562e-001,1.562e-001,
833,-1.093e000,3.437e000,-3.125e-001,4.687e-001,
834,0.000e000,3.437e000,-3.125e-001,4.687e-001,
835,-6.250e-001,4.218e000,3.125e-001,0.000e000,
836,0.000e000,4.062e000,1.562e-001,1.562e-001,
837,-4.687e-001,3.437e000,-3.125e-001,4.687e-001,
838,-4.687e-001,4.218e000,-3.125e-001,3.125e-001,
839,3.906e000,3.437e000,3.125e-001,0.000e000,
840,3.750e000,4.062e000,-3.125e-001,1.562e-001,
841,2.812e000,3.437e000,1.562e-001,3.125e-001,
842,3.281e000,4.062e000,-3.125e-001,4.687e-001,
843,2.812e000,3.437e000,3.125e-001,0.000e000,
844,3.281e000,4.062e000,1.562e-001,3.125e-001,
845,2.656e000,3.593e000,-3.125e-001,0.000e000,
846,2.187e000,4.218e000,3.125e-001,3.125e-001,
847,-1.093e000,3.437e000,-3.125e-001,0.000e000,
848,-6.250e-001,4.062e000,-3.125e-001,3.125e-001,
849,0.000e000,3.437e000,3.125e-001,1.562e-001,
850,0.000e000,3.593e000,1.562e-001,3.125e-001,
851,-6.250e-001,4.062e000,-3.125e-001,1.562e-001,
852,-4.687e-001,4.062e000,-3.125e-001,1.562e-001,
853,3.906e000,3.437e000,4.687e-001,4.687e-001,
854,2.812e000,4.062e000,1.562e-001,3.125e-001,
855,3.437e000,3.437e000,-4.687e-001,1.562e-001,
856,3.437e000,3.593e000,1.562e-001,4.687e-001,
857,2.812e000,4.062e000,-3.125e-001,0.000e000,
858,3.281e000,4.218e000,3.125e-001,1.562e-001,
859,-1.093e000,3.437e000,-4.687e-001,4.687e-001,
860,-9.375e-001,4.062e000,1.562e-001,4.687e-001,
861,1.562e-001,3.437e000,-3.125e-001,0.000e000,
862,0.000e000,4.218e000,1.562e-001,1.562e-001,
863,-6.250e-001,3.593e000,-3.125e-001,4.687e-001,
864,-6.250e-001,3.437e000,1.562e-001,0.000e000,
865,1.562e-001,4.062e000,-4.687e-001,4.687e-001,
866,6.250e-001,3.437e000,-4.687e-001,3.125e-001,
867,4.062e000,4.218e000,4.687e-001,1.562e-001,
868,2.968e000,3.437e000,-1.562e-001,1.562e-001,
869,3.281e000,4.062e000,1.562e-001,4.687e-001,
870,2.812e000,3.437e000,-3.125e-001,1.562e-001,
871,3.437e000,4.062e000,3.125e-001,4.687e-001,
872,3.281e000,4.218e000,1.562e-001,1.562e-001,
873,-1.093e000,3.281e000,-3.125e-001,4.687e-001,
874,-4.687e-001,4.062e000,3.125e-001,3.125e-001,
875,0.000e000,3.437e000,-3.125e-001,0.000e000,
876,-4.687e-001,3.437e000,-4.687e-001,4.687e-001,
877,0.000e000,4.062e000,3.125e-001,0.000e000,
878,-6.250e-001,3.437e000,3.125e-001,4.687e-001,
879,3.906e000,4.218e000,-3.125e-001,0.000e000,
880,3.750e000,4.218e000,1.562e-001,3.125e-001,
881,2.812e000,3.281e000,-3.125e-001,0.000e000,
882,3.437e000,4.062e000,1.562e-001,3.125e-001,
883,2.812e000,3.437e000,-3.125e-001,1.562e-001,
884,3.281e000,3.593e000,3.125e-001,4.687e-001,
885,2.812e000,4.218e000,-4.687e-001,0.000e000,
886,2.031e000,4.218e000,-4.687e-001,0.000e000,
887,-1.250e000,3.281e000,3.125e-001,4.687e-001,
888,-6.250e-001,3.593e000,1.562e-001,1.562e-001,
889,0.000e000,4.062e000,-3.125e-001,4.687e-001,
890,0.000e000,3.593e000,-3.125e-001,4.687e-001,
891,-4.687e-001,4.062e000,3.125e-001,0.000e000,
892,-4.687e-001,3.281e000,-3.125e-001,3.125e-001,
893,3.906e000,4.375e000,3.125e-001,1.562e-001,
894,3.437e000,4.062e000,1.562e-001,4.687e-001,
895,2.812e000,3.437e000,-3.125e-001,0.000e000,
896,2.812e000,4.062e000,1.562e-001,4.687e-001,
897,3.437e000,3.437e000,-3.125e-001,0.000e000,
898,3.281e000,4.218e000,-3.125e-001,3.125e-001,
899,-1.250e000,3.125e000,3.125e-001,0.000e000,
900,0.000e000,4.218e000,1.562e-001,0.000e000,
901,-7.812e-001,3.437e000,-3.125e-001,4.687e-001,
902,0.000e000,3.593e000,1.562e-001,1.562e-001,
903,-6.250e-001,4.062e000,-3.125e-001,4.687e-001,
904,-4.687e-001,4.062e000,-3.125e-001,4.687e-001,
905,1.562e-001,3.437e000,3.125e-001,1.562e-001,
906,9.375e-001,3.437e000,-3.125e-001,0.000e000,
907,3.906e000,4.218e000,3.125e-001,4.687e-001,
908,3.281e000,4.062e000,3.125e-001,3.125e-001,
909,2.812e000,3.437e000,-3.125e-001,0.000e000,
910,2.812e000,4.062e000,4.687e-001,3.125e-001,
911,3.437e000,3.593e000,-3.125e-001,1.562e-001,
912,3.281e000,4.218e000,1.562e-001,3.125e-001,
913,-1.250e000,3.437e000,-4.687e-001,0.000e000,
914,0.000e000,3.437e000,3.125e-001,4.687e-001,
915,-6.250e-001,4.062e000,-4.687e-001,0.000e000,
916,-6.250e-001,3.593e000,-3.125e-001,3.125e-001,
917,0.000e000,4.062e000,1.562e-001,0.000e000,
918,-6.250e-001,3.281e000,-1.562e-001,1.562e-001,
919,3.906e000,4.218e000,4.687e-001,3.125e-001,
920,3.593e000,3.437e000,3.125e-001,3.125e-001,
921,2.656e000,4.062e000,-1.562e-001,1.562e-001,
922,3.281e000,3.437e000,-1.562e-001,0.000e000,
923,2.812e000,4.062e000,1.562e-001,4.687e-001,
924,3.281e000,4.062e000,3.125e-001,0.000e000,
925,2.500e000,3.437e000,-3.125e-001,4.687e-001,
926,1.875e000,3.125e000,3.125e-001,1.562e-001,
927,-1.093e000,4.218e000,-3.125e-001,4.687e-001,
928,0.000e000,4.062e000,-3.125e-001,3.125e-001,
929,-6.250e-001,3.437e000,3.125e-001,0.000e000,
930,-6.250e-001,3.593e000,3.125e-001,4.687e-001,
931,0.000e000,4.218e000,-3.125e-001,0.000e000,
932,-4.687e-001,3.281e000,-3.125e-001,3.125e-001,
933,3.906e000,4.218e000,4.687e-001,1.562e-001,
934,3.437e000,4.062e000,1.562e-001,3.125e-001,
935,2.812e000,3.437e000,-1.562e-001,1.562e-001,
936,2.812e000,3.437e000,3.125e-001,3.125e-001,
937,3.437e000,4.062e000,-3.125e-001,0.000e000,
938,3.281e000,4.218e000,-3.125e-001,1.562e-001,
939,-1.093e000,3.281e000,3.125e-001,4.687e-001,
940,0.000e000,3.593e000,-1.562e-001,4.687e-001,
941,-7.812e-001,4.062e000,3.125e-001,0.000e000,
942,-6.250e-001,3.593e000,3.125e-001,0.000e000,
943,0.000e000,4.218e000,-3.125e-001,4.687e-001,
944,-4.687e-001,4.062e000,1.562e-001,3.125e-001,
945,4.687e-001,1.562e000,-3.125e-001,0.000e000,
946,1.406e000,1.093e000,-3.125e-001,4.687e-001,
947,3.906e000,-1.562e000,3.125e-001,0.000e000,
948,2.968e000,-4.687e-001,3.125e-001,0.000e000,
949,3.281e000,1.562e-001,-3.125e-001,4.687e-001,
950,3.281e000,1.562e-001,1.562e-001,3.125e-001,
951,2.812e000,-4.687e-001,-3.125e-001,0.000e000,
952,3.437e000,3.125e-001,3.125e-001,4.687e-001,
953,-1.093e000,-6.250e-001,-4.687e-001,0.000e000,
954,-6.250e-001,-4.687e-001,3.125e-001,1.562e-001,
955,0.000e000,1.562e-001,-3.125e-001,4.687e-001,
956,-4.687e-001,-4.687e-001,1.562e-001,1.562e-001,
957,0.000e000,1.562e-001,-3.125e-001,4.687e-001,
958,-4.687e-001,-7.812e-001,-3.125e-001,0.000e000,
959,3.906e000,1.562e-001,4.687e-001,4.687e-001,
960,3.593e000,3.125e-001,1.562e-001,3.125e-001,
961,2.656e000,-4.687e-001,-3.125e-001,1.562e-001,
962,2.812e000,1.562e-001,3.125e-001,1.562e-001,
963,3.437e000,-4.687e-001,-3.125e-001,4.687e-001,
964,3.281e000,1.562e-001,1.562e-001,1.562e-001,
965,2.656e000,-4.687e-001,-3.125e-001,4.687e-001,
966,2.031e000,-6.250e-001,3.125e-001,3.125e-001,
967,-9.375e-001,3.125e-001,-4.687e-001,1.562e-001,
968,-6.250e-001,-4.687e-001,3.125e-001,4.687e-001,
969,0.000e000,0.000e000,-3.125e-001,0.000e000,
970,0.000e000,0.000e000,-3.125e-001,3.125e-001,
971,-6.250e-001,-4.687e-001,3.125e-001,1.562e-001,
972,-4.687e-001,-6.250e-001,-4.687e-001,3.125e-001,
973,3.906e000,3.125e-001,3.125e-001,0.000e000,
974,3.281e000,1.562e-001,3.125e-001,4.687e-001,
975,2.812e000,-4.687e-001,-3.125e-001,0.000e000,
976,2.812e000,1.562e-001,1.562e-001,4.687e-001,
977,3.437e000,-4.687e-001,-3.125e-001,0.000e000,
978,3.281e000,3.125e-001,3.125e-001,3.125e-001,
979,-1.093e000,-6.250e-001,-4.687e-001,0.000e000,
980,1.562e-001,1.562e-001,-3.125e-001,3.125e-001,
981,-7.812e-001,-4.687e-001,3.125e-001,1.562e-001,
982,0.000e000,0.000e000,1.562e-001,3.125e-001,
983,-4.687e-001,-4.687e-001,-1.562e-001,0.000e000,
984,-4.687e-001,1.562e-001,1.562e-001,3.125e-001,
985,0.000e000,-6.250e-001,-3.125e-001,0.000e000,
986,6.250e-001,-4.687e-001,3.125e-001,3.125e-001,
987,3.906e000,3.125e-001,-4.687e-001,0.000e000,
988,3.281e000,1.562e-001,-3.125e-001,1.562e-001,
989,2.656e000,-4.687e-001,3.125e-001,4.687e-001,
990,3.437e000,-4.687e-001,1.562e-001,3.125e-001,
991,2.812e000,1.562e-001,-3.125e-001,0.000e000,
992,3.281e000,3.125e-001,3.125e-001,4.687e-001,
993,-1.093e000,-6.250e-001,-4.687e-001,0.000e000,
994,-6.250e-001,1.562e-001,-3.125e-001,3.125e-001,
995,0.000e000,-4.687e-001,3.125e-001,1.562e-001,
996,-4.687e-001,-4.687e-001,-3.125e-001,1.562e-001,
997,0.000e000,1.562e-001,1.562e-001,4.687e-001,
998,-4.687e-001,-4.687e-001,-3.125e-001,3.125e-001,
999,3.906e000,4.687e-001,3.125e-001,0.000e000,
1000,3.593e000,-4.687e-001,-3.125e-001,1.562e-001,
1001,2.656e000,1.562e-001,3.125e-001,4.687e-001,
1002,3.281e000,1.562e-001,-3.125e-001,0.000e000,
1003,2.812e000,-4.687e-001,3.125e-001,4.687e-001,
1004,3.281e000,-3.125e-001,-3.125e-001,1.562e-001,
1005,2.812e000,1.562e-001,3.125e-001,4.687e-001,
1006,2.031e000,3.125e-001,3.125e-001,0.000e000,
1007,-1.093e000,-6.250e-001,-3.125e-001,4.687e-001,
1008,0.000e000,-4.687e-001,1.562e-001,1.562e-001,
1009,-6.250e-001,1.562e-001,-1.562e-001,4.687e-001,
1010,-4.687e-001,-3.125e-001,1.562e-001,1.562e-001,
1011,0.000e000,1.562e-001,-4.687e-001,4.687e-001,
1012,-4.687e-001,-6.250e-001,-3.125e-001,0.000e000,
1013,3.906e000,3.125e-001,3.125e-001,4.687e-001,
1014,3.281e000,0.000e000,1.562e-001,1.562e-001,
1015,2.812e000,-4.687e-001,-3.125e-001,4.687e-001,
1016,3.281e000,-4.687e-001,3.125e-001,3.125e-001,
1017,2.812e000,1.562e-001,-3.125e-001,1.562e-001,
1018,3.281e000,1.562e-001,-3.125e-001,0.000e000,
1019,-1.093e000,-4.687e-001,4.687e-001,4.687e-001,
1020,1.562e-001,-4.687e-001,-3.125e-001,0.000e000,
1021,-6.250e-001,1.562e-001,3.125e-001,4.687e-001,
1022,-6.250e-001,1.562e-001,-4.687e-001,4.687e-001,
1023,0.000e000,-4.687e-001,3.125e-001,0.000e000,
1024,-6.250e-001,1.562e-001,1.562e-001,0.000e000,
1025,1.562e-001,-4.687e-001,-3.125e-001,4.687e-001,
1026,4.687e-001,-4.687e-001,-3.125e-001,1.562e-001,
1027,3.906e000,3.125e-001,3.125e-001,4.687e-001,
1028,2.812e000,1.562e-001,1.562e-001,1.562e-001,
1029,3.437e000,-4.687e-001,-3.125e-001,4.687e-001,
1030,3.281e000,-4.687e-001,1.562e-001,0.000e000,
1031,2.812e000,1.562e-001,-3.125e-001,4.687e-001,
1032,3.281e000,1.562e-001,3.125e-001,1.562e-001,
1033,-1.093e000,-6.250e-001,-4.687e-001,4.687e-001,
1034,-4.687e-001,1.562e-001,1.562e-001,3.125e-001,
1035,0.000e000,-4.687e-001,-4.687e-001,0.000e000,
1036,0.000e000,1.562e-001,-3.125e-001,0.000e000,
1037,-4.687e-001,-4.687e-001,1.562e-001,4.687e-001,
1038,-4.687e-001,-4.687e-001,-3.125e-001,3.125e-001,
1039,3.906e000,3.125e-001,3.125e-001,1.562e-001,
1040,3.593e000,-4.687e-001,-3.125e-001,4.687e-001,
1041,2.656e000,1.562e-001,3.125e-001,0.000e000,
1042,2.812e000,1.562e-001,1.562e-001,4.687e-001,
1043,3.437e000,-4.687e-001,-3.125e-001,1.562e-001,
1044,3.281e000,3.125e-001,3.125e-001,3.125e-001,
1045,2.656e000,-3.125e-001,-3.125e-001,0.000e000,
1046,2.187e000,1.562e-001,1.562e-001,4.687e-001,
1047,-1.093e000,-4.687e-001,-3.125e-001,0.000e000,
1048,-4.687e-001,1.562e-001,1.562e-001,1.562e-001,
1049,0.000e000,-4.687e-001,-3.125e-001,4.687e-001,
1050,0.000e000,1.562e-001,3.125e-001,1.562e-001,
1051,-4.687e-001,-4.687e-001,-4.687e-001,4.687e-001,
1052,-4.687e-001,-6.250e-001,-3.125e-001,4.687e-001,
1053,3.906e000,3.125e-001,3.125e-001,0.000e000,
1054,2.812e000,1.562e-001,-3.125e-001,1.562e-001,
1055,3.437e000,-4.687e-001,3.125e-001,4.687e-001,
1056,2.812e000,-3.125e-001,3.125e-001,4.687e-001,
1057,3.281e000,1.562e-001,-3.125e-001,0.000e000,
1058,3.437e000,1.562e-001,3.125e-001,4.687e-001,
1059,-1.093e000,-6.250e-001,-4.687e-001,0.000e000,
1060,0.000e000,1.562e-001,-3.125e-001,0.000e000,
1061,-7.812e-001,-4.687e-001,1.562e-001,4.687e-001,
1062,-6.250e-001,1.562e-001,1.562e-001,1.562e-001,
1063,0.000e000,-4.687e-001,-3.125e-001,3.125e-001,
1064,-4.687e-001,-4.687e-001,-3.125e-001,4.687e-001,
1065,3.125e-001,1.562e-001,3.125e-001,0.000e000,
1066,9.375e-001,-6.250e-001,3.125e-001,0.000e000,
1067,3.906e000,3.125e-001,-3.125e-001,4.687e-001,
1068,3.437e000,-3.125e-001,-3.125e-001,3.125e-001,
1069,2.812e000,1.562e-001,3.125e-001,0.000e000,
1070,2.812e000,-3.125e-001,1.562e-001,1.562e-001,
1071,3.437e000,1.562e-001,-3.125e-001,4.687e-001,
1072,3.281e000,3.125e-001,3.125e-001,0.000e000,
1073,-1.093e000,-6.250e-001,-3.125e-001,4.687e-001,
1074,0.000e000,1.562e-001,1.562e-001,1.562e-001,
1075,-6.250e-001,-4.687e-001,-3.125e-001,4.687e-001,
1076,-4.687e-001,1.562e-001,3.125e-001,3.125e-001,
1077,0.000e000,-4.687e-001,-3.125e-001,1.562e-001,
1078,-4.687e-001,1.562e-001,3.125e-001,1.562e-001,
1079,3.906e000,-4.687e-001,-4.687e-001,4.687e-001,
1080,3.593e000,1.562e-001,1.562e-001,4.687e-001,
1081,2.812e000,-4.687e-001,-3.125e-001,0.000e000,
1082,3.437e000,1.562e-001,3.125e-001,1.562e-001,
1083,2.812e000,-4.687e-001,-3.125e-001,4.687e-001,
1084,3.437e000,-3.125e-001,-3.125e-001,3.125e-001,
1085,2.656e000,1.562e-001,1.562e-001,1.562e-001,
1086,2.031e000,3.125e-001,3.125e-001,4.687e-001,
1087,-1.093e000,-7.812e-001,-3.125e-001,0.000e000,
1088,0.000e000,1.562e-001,1.562e-001,1.562e-001,
1089,-6.250e-001,-4.687e-001,-3.125e-001,4.687e-001,
1090,-4.687e-001,-3.125e-001,1.562e-001,3.125e-001,
1091,0.000e000,1.562e-001,-3.125e-001,0.000e000,
1092,-4.687e-001,1.562e-001,3.125e-001,3.125e-001,
1093,3.906e000,-4.687e-001,-3.125e-001,1.562e-001,
1094,2.812e000,1.562e-001,-3.125e-001,1.562e-001,
1095,3.437e000,-4.687e-001,3.125e-001,4.687e-001,
1096,2.812e000,-4.687e-001,3.125e-001,1.562e-001,
1097,3.437e000,1.562e-001,-3.125e-001,4.687e-001,
1098,3.437e000,1.562e-001,1.562e-001,4.687e-001,
1099,-9.375e-001,-4.687e-001,-3.125e-001,0.000e000,
1100,0.000e000,1.562e-001,1.562e-001,0.000e000,
1101,-7.812e-001,-4.687e-001,-3.125e-001,4.687e-001,
1102,-4.687e-001,0.000e000,3.125e-001,3.125e-001,
1103,0.000e000,-4.687e-001,-3.125e-001,1.562e-001,
1104,-4.687e-001,1.562e-001,1.562e-001,0.000e000,
1105,4.687e-001,-4.687e-001,-3.125e-001,4.687e-001,
1106,9.375e-001,-6.250e-001,-3.125e-001,4.687e-001,
1107,3.906e000,3.125e-001,3.125e-001,0.000e000,
1108,2.656e000,-4.687e-001,1.562e-001,1.562e-001,
1109,3.437e000,1.562e-001,-3.125e-001,3.125e-001,
1110,3.437e000,-4.687e-001,1.562e-001,4.687e-001,
1111,2.656e000,1.562e-001,-3.125e-001,0.000e000,
1112,3.281e000,1.562e-001,3.125e-001,1.562e-001,
1113,-1.093e000,-7.812e-001,-3.125e-001,4.687e-001,
1114,0.000e000,1.562e-001,-3.125e-001,1.562e-001,
1115,-6.250e-001,-4.687e-001,1.562e-001,4.687e-001,
1116,-4.687e-001,1.562e-001,3.125e-001,1.562e-001,
1117,0.000e000,-4.687e-001,-3.125e-001,4.687e-001,
1118,-4.687e-001,-4.687e-001,1.562e-001,3.125e-001,
1119,3.906e000,4.687e-001,-3.125e-001,0.000e000,
1120,3.593e000,3.125e-001,-1.562e-001,3.125e-001,
1121,2.656e000,-4.687e-001,3.125e-001,1.562e-001,
1122,2.812e000,-3.125e-001,-3.125e-001,4.687e-001,
1123,3.437e000,1.562e-001,3.125e-001,0.000e000,
1124,3.437e000,-3.125e-001,1.562e-001,1.562e-001,
1125,2.656e000,1.562e-001,-3.125e-001,4.687e-001,
1126,2.031e000,3.125e-001,3.125e-001,0.000e000,
1127,-1.093e000,-4.687e-001,-4.687e-001,4.687e-001,
1128,-4.687e-001,-3.125e-001,3.125e-001,3.125e-001,
1129,0.000e000,1.562e-001,-3.125e-001,1.562e-001,
1130,-4.687e-001,0.000e000,3.125e-001,1.562e-001,
1131,0.000e000,-4.687e-001,-3.125e-001,4.687e-001,
1132,-4.687e-001,-4.687e-001,-3.125e-001,3.125e-001,
1133,3.906e000,4.687e-001,3.125e-001,1.562e-001,
1134,3.437e000,-3.125e-001,1.562e-001,3.125e-001,
1135,2.812e000,1.562e-001,-3.125e-001,0.000e000,
1136,3.281e000,-4.687e-001,1.562e-001,3.125e-001,
1137,2.812e000,1.562e-001,-3.125e-001,0.000e000,
1138,3.281e000,3.125e-001,-3.125e-001,1.562e-001,
1139,-1.093e000,-7.812e-001,3.125e-001,4.687e-001,
1140,0.000e000,1.562e-001,-3.125e-001,1.562e-001,
1141,-7.812e-001,-4.687e-001,1.562e-001,3.125e-001,
1142,-6.250e-001,1.562e-001,1.562e-001,1.562e-001,
1143,0.000e000,-4.687e-001,-3.125e-001,4.687e-001,
1144,-6.250e-001,0.000e000,-1.562e-001,1.562e-001,
1145,1.562e-001,-6.250e-001,1.562e-001,4.687e-001,
1146,7.812e-001,3.125e-001,-3.125e-001,3.125e-001,
1147,3.906e000,-6.250e-001,3.125e-001,1.562e-001,
1148,2.812e000,-4.687e-001,3.125e-001,0.000e000,
1149,3.281e000,1.562e-001,-3.125e-001,4.687e-001,
1150,2.812e000,1.562e-001,1.562e-001,4.687e-001,
1151,3.281e000,-4.687e-001,-3.125e-001,1.562e-001,
1152,3.281e000,3.125e-001,1.562e-001,3.125e-001,
1153,-1.093e000,-7.812e-001,-4.687e-001,1.562e-001,
1154,0.000e000,-4.687e-001,-1.562e-001,4.687e-001,
1155,-6.250e-001,1.562e-001,3.125e-001,0.000e000,
1156,0.000e000,1.562e-001,-3.125e-001,1.562e-001,
1157,-6.250e-001,-4.687e-001,3.125e-001,4.687e-001,
1158,-4.687e-001,-3.125e-001,-4.687e-001,3.125e-001,
1159,4.062e000,5.312e000,4.687e-001,0.000e000,
1160,2.812e000,3.593e000,-3.125e-001,1.562e-001,
1161,3.437e000,4.375e000,4.218e000,4.687e-001,
1162,2.812e000,3.593e000,3.125e000,1.562e-001,
1163,3.281e000,4.062e000,3.750e000,4.687e-001,
1164,3.281e000,3.593e000,3.593e000,3.125e-001,
1165,2.812e000,4.218e000,3.125e000,1.562e-001,
1166,2.343e000,4.218e000,3.593e000,4.687e-001,
1167,-1.093e000,3.437e000,3.125e000,0.000e000,
1168,0.000e000,4.218e000,3.593e000,1.562e-001,
1169,-6.250e-001,3.437e000,3.125e000,4.687e-001,
1170,0.000e000,4.218e000,3.125e000,3.125e-001,
1171,-4.687e-001,3.437e000,3.750e000,1.562e-001,
1172,-4.687e-001,3.437e000,2.968e000,3.125e-001,
1173,4.062e000,4.218e000,3.750e000,0.000e000,
1174,2.812e000,4.062e000,3.593e000,0.000e000,
1175,3.437e000,3.437e000,2.968e000,4.687e-001,
1176,3.281e000,4.062e000,3.125e000,0.000e000,
1177,2.812e000,3.593e000,3.593e000,4.687e-001,
1178,3.281e000,3.437e000,3.593e000,1.562e-001,
1179,-9.375e-001,4.218e000,2.968e000,4.687e-001,
1180,0.000e000,4.218e000,3.593e000,3.125e-001,
1181,-7.812e-001,3.437e000,3.125e000,1.562e-001,
1182,-4.687e-001,4.062e000,3.593e000,1.562e-001,
1183,0.000e000,3.593e000,3.125e000,4.687e-001,
1184,-6.250e-001,4.218e000,3.125e000,3.125e-001,
1185,1.562e-001,3.281e000,3.593e000,1.562e-001,
1186,1.093e000,3.281e000,3.125e000,4.687e-001,
1187,3.906e000,4.375e000,3.750e000,0.000e000,
1188,2.656e000,4.062e000,3.125e000,0.000e000,
1189,3.437e000,3.281e000,3.593e000,3.125e000,
1190,3.281e000,4.062e000,3.593e000,2.968e000,
1191,2.656e000,3.437e000,2.968e000,3.593e000,
1192,3.437e000,4.218e000,3.593e000,3.750e000,
1193,-1.093e000,3.437e000,2.968e000,3.281e000,
1194,0.000e000,4.062e000,3.593e000,3.593e000,
1195,-6.250e-001,3.437e000,3.125e000,3.281e000,
1196,0.000e000,4.062e000,3.125e000,3.593e000,
1197,-4.687e-001,3.437e000,3.593e000,3.281e000,
1198,-6.250e-001,3.437e000,3.593e000,3.281e000,
1199,3.906e000,4.218e000,3.125e000,3.750e000,
1200,2.656e000,3.437e000,3.593e000,3.593e000,
1201,3.593e000,4.218e000,3.125e000,3.437e000,
1202,2.812e000,3.437e000,3.125e000,3.593e000,
1203,3.437e000,4.062e000,3.593e000,3.437e000,
1204,3.437e000,4.062e000,3.593e000,3.281e000,
1205,2.343e000,3.437e000,3.125e000,3.750e000,
1206,1.562e000,4.218e000,3.750e000,3.281e000,
1207,-1.093e000,3.437e000,2.968e000,3.750e000,
1208,-1.562e-001,4.062e000,3.593e000,3.593e000,
1209,-6.250e-001,3.593e000,3.125e000,3.281e000,
1210,-4.687e-001,4.062e000,3.593e000,3.281e000,
1211,0.000e000,3.437e000,2.968e000,3.750e000,
1212,-4.687e-001,3.437e000,2.968e000,3.750e000,
1213,3.906e000,4.218e000,3.750e000,3.437e000,
1214,2.812e000,3.437e000,2.968e000,3.750e000,
1215,3.750e000,4.375e000,3.593e000,2.500e000,
1216,3.437e000,4.062e000,3.593e000,2.500e000,
1217,2.656e000,3.437e000,2.968e000,1.562e-001,
1218,3.281e000,4.218e000,3.593e000,1.562e-001,
1219,-1.093e000,3.281e000,2.812e000,4.687e-001,
1220,-7.812e-001,3.437e000,3.593e000,1.562e-001,
1221,1.562e-001,4.062e000,2.968e000,4.687e-001,
1222,0.000e000,4.062e000,3.125e000,4.687e-001,
1223,-6.250e-001,3.437e000,3.750e000,0.000e000,
1224,-4.687e-001,4.062e000,3.125e000,4.687e-001,
1225,6.250e-001,3.437e000,3.593e000,0.000e000,
1226,9.375e-001,3.437e000,3.125e000,4.687e-001,
1227,3.750e000,4.062e000,3.593e000,0.000e000,
1228,3.281e000,3.593e000,3.593e000,3.125e-001,
1229,2.812e000,4.062e000,3.125e000,0.000e000,
1230,2.812e000,4.062e000,3.593e000,1.562e-001,
1231,3.437e000,3.437e000,3.125e000,4.687e-001,
1232,3.281e000,3.281e000,3.750e000,3.125e-001,
1233,-1.093e000,4.218e000,2.968e000,0.000e000,
1234,-1.562e-001,3.593e000,3.593e000,0.000e000,
1235,-6.250e-001,4.062e000,3.125e000,4.687e-001,
1236,-4.687e-001,3.437e000,2.968e000,1.562e-001,
1237,0.000e000,4.218e000,3.593e000,4.687e-001,
1238,-4.687e-001,3.281e000,3.593e000,3.125e-001,
1239,3.906e000,4.218e000,2.812e000,0.000e000,
1240,3.593e000,4.062e000,3.125e000,3.125e-001,
1241,2.656e000,3.437e000,3.593e000,1.562e-001,
1242,2.656e000,4.062e000,3.593e000,1.562e-001,
1243,3.437e000,3.281e000,2.968e000,3.437e000,
1244,3.281e000,3.437e000,3.125e000,3.281e000,
1245,2.500e000,4.062e000,3.593e000,3.593e000,
1246,2.187e000,3.281e000,3.593e000,3.593e000,
1247,-1.093e000,4.218e000,2.968e000,3.281e000,
1248,-6.250e-001,3.593e000,2.968e000,3.593e000,
1249,0.000e000,4.062e000,3.593e000,3.281e000,
1250,0.000e000,3.593e000,3.437e000,3.281e000,
1251,-6.250e-001,4.062e000,2.968e000,3.750e000,
1252,-4.687e-001,3.281e000,2.968e000,3.281e000,
1253,3.906e000,4.375e000,3.593e000,3.750e000,
1254,3.437e000,3.437e000,3.125e000,3.750e000,
1255,2.812e000,4.062e000,3.750e000,3.281e000,
1256,2.812e000,3.593e000,3.125e000,3.593e000,
1257,3.437e000,4.062e000,3.593e000,3.281e000,
1258,3.437e000,4.218e000,3.593e000,3.437e000,
1259,-1.093e000,3.281e000,2.968e000,3.750e000,
1260,-9.375e-001,3.593e000,2.968e000,3.437e000,
1261,1.562e-001,4.062e000,3.750e000,3.750e000,
1262,-1.562e-001,3.593e000,3.593e000,3.750e000,
1263,-6.250e-001,4.062e000,2.968e000,3.281e000,
1264,-6.250e-001,4.062e000,3.125e000,3.281e000,
1265,1.562e-001,3.437e000,3.593e000,3.750e000,
1266,7.812e-001,3.437e000,2.968e000,3.437e000,
1267,3.906e000,4.218e000,3.593e000,3.593e000,
1268,2.812e000,4.218e000,3.125e000,3.593e000,
1269,3.593e000,3.281e000,3.750e000,6.250e-001,
1270,2.812e000,3.437e000,3.437e000,7.812e-001,
1271,3.281e000,4.062e000,2.968e000,1.562e-001,
1272,3.281e000,4.062e000,3.593e000,4.687e-001,
1273,-1.093e000,3.281e000,2.812e000,0.000e000,
1274,-6.250e-001,3.437e000,3.125e000,1.562e-001,
1275,0.000e000,4.218e000,3.593e000,4.687e-001,
1276,0.000e000,3.437e000,3.125e000,3.125e-001,
1277,-6.250e-001,4.062e000,3.593e000,1.562e-001,
1278,-6.250e-001,4.062e000,3.593e000,1.562e-001,
1279,3.750e000,3.437e000,2.968e000,4.687e-001,
1280,2.812e000,3.437e000,2.968e000,3.125e-001,
1281,3.593e000,4.062e000,3.593e000,0.000e000,
1282,3.437e000,4.062e000,3.125e000,3.125e-001,
1283,2.812e000,3.437e000,3.593e000,0.000e000,
1284,2.812e000,4.218e000,2.968e000,4.687e-001,
1285,3.437e000,3.437e000,3.593e000,0.000e000,
1286,2.031e000,3.437e000,3.593e000,3.125e-001,
1287,-1.250e000,4.218e000,2.968e000,1.562e-001,
1288,-6.250e-001,4.062e000,3.125e000,1.562e-001,
1289,0.000e000,3.437e000,3.593e000,4.687e-001,
1290,-6.250e-001,4.062e000,3.125e000,1.562e-001,
1291,0.000e000,3.437e000,3.593e000,3.125e-001,
1292,-4.687e-001,3.281e000,3.593e000,0.000e000,
1293,3.906e000,4.218e000,2.968e000,4.687e-001,
1294,2.812e000,4.062e000,3.593e000,0.000e000,
1295,3.437e000,3.281e000,2.968e000,1.093e000,
1296,2.656e000,3.437e000,2.968e000,1.250e000,
1297,3.437e000,4.375e000,3.593e000,3.593e000,
1298,3.437e000,3.437e000,3.593e000,3.593e000,
1299,-1.093e000,4.218e000,2.968e000,3.281e000,
1300,-1.562e-001,4.062e000,2.968e000,3.593e000,
1301,-7.812e-001,3.437e000,3.593e000,3.437e000,
1302,-4.687e-001,3.593e000,3.593e000,3.593e000,
1303,0.000e000,4.062e000,2.968e000,3.281e000,
1304,-6.250e-001,3.437e000,3.593e000,3.593e000,
1305,1.562e-001,4.062e000,3.125e000,3.437e000,
1306,9.375e-001,3.437e000,3.593e000,3.281e000,
1307,4.062e000,4.062e000,2.968e000,3.750e000,
1308,3.281e000,4.062e000,3.125e000,3.437e000,
1309,2.812e000,3.593e000,3.593e000,3.750e000,
1310,2.812e000,3.593e000,3.593e000,3.281e000,
1311,3.281e000,4.062e000,2.968e000,3.750e000,
1312,3.281e000,4.062e000,3.750e000,3.593e000,
1313,-1.093e000,3.281e000,2.968e000,3.281e000,
1314,0.000e000,4.062e000,3.125e000,3.281e000,
1315,-6.250e-001,3.437e000,3.593e000,3.750e000,
1316,0.000e000,4.062e000,3.125e000,3.593e000,
1317,-6.250e-001,3.437e000,3.593e000,3.125e000,
1318,-4.687e-001,3.281e000,2.812e000,3.750e000,
1319,3.906e000,4.218e000,3.750e000,3.281e000,
1320,2.812e000,3.437e000,3.750e000,3.593e000,
1321,3.437e000,4.062e000,2.968e000,3.437e000,
1322,2.812e000,4.375e000,2.968e000,3.750e000,
1323,3.593e000,3.281e000,3.750e000,3.125e-001,
1324,3.281e000,4.062e000,3.437e000,1.562e-001,
1325,2.656e000,3.437e000,2.968e000,4.687e-001,
1326,2.343e000,4.218e000,3.593e000,4.687e-001,
1327,-1.093e000,3.281e000,2.968e000,1.562e-001,
1328,-6.250e-001,3.437e000,3.593e000,4.687e-001,
1329,0.000e000,4.062e000,2.968e000,0.000e000,
1330,-6.250e-001,3.906e000,3.750e000,3.125e-001,
1331,1.562e-001,3.437e000,2.968e000,1.562e-001,
1332,-4.687e-001,3.437e000,3.593e000,4.687e-001,
1333,3.906e000,4.218e000,2.968e000,0.000e000,
1334,3.437e000,4.062e000,3.437e000,3.125e-001,
1335,2.656e000,3.437e000,2.968e000,1.562e-001,
1336,2.812e000,4.062e000,3.125e000,3.125e-001,
1337,3.437e000,3.437e000,3.593e000,0.000e000,
1338,3.281e000,4.218e000,3.593e000,0.000e000,
1339,-1.250e000,3.281e000,2.968e000,4.687e-001,
1340,0.000e000,3.437e000,3.125e000,0.000e000,
1341,-7.812e-001,4.062e000,3.593e000,3.125e-001,
1342,0.000e000,4.062e000,2.968e000,3.125e-001,
1343,-6.250e-001,3.437e000,3.593e000,0.000e000,
1344,-4.687e-001,4.062e000,3.593e000,1.562e-001,
1345,3.125e-001,3.125e000,2.968e000,4.687e-001,
1346,9.375e-001,4.375e000,3.125e000,1.562e-001,
1347,3.906e000,3.281e000,3.593e000,4.687e-001,
1348,2.500e000,4.062e000,3.593e000,1.562e-001,
1349,3.437e000,3.281e000,2.968e000,2.968e000,
1350,3.281e000,3.906e000,2.968e000,2.968e000,
1351,2.812e000,3.437e000,3.593e000,3.593e000,
1352,3.281e000,4.218e000,3.593e000,3.593e000,
1353,-1.093e000,3.281e000,2.968e000,3.281e000,
1354,-6.250e-001,4.062e000,3.593e000,3.593e000,
1355,0.000e000,3.437e000,2.968e000,3.281e000,
1356,-1.562e-001,4.062e000,3.437e000,3.281e000,
1357,-6.250e-001,3.437e000,2.968e000,3.750e000,
1358,-4.687e-001,3.281e000,2.968e000,3.750e000,
1359,3.906e000,4.062e000,3.593e000,3.281e000,
1360,2.812e000,4.062e000,3.593e000,3.281e000,
1361,3.593e000,3.437e000,2.968e000,3.750e000,
1362,2.656e000,4.062e000,2.968e000,3.437e000,
1363,3.437e000,3.437e000,3.593e000,3.750e000,
1364,3.437e000,4.062e000,3.125e000,3.281e000,
1365,2.343e000,3.437e000,3.593e000,3.750e000,
1366,2.031e000,4.218e000,3.593e000,3.750e000,
1367,-1.093e000,3.281e000,2.968e000,3.281e000,
1368,-6.250e-001,3.437e000,3.125e000,3.750e000,
1369,0.000e000,4.062e000,3.593e000,3.281e000,
1370,0.000e000,4.062e000,3.593e000,3.593e000,
1371,-6.250e-001,3.437e000,2.968e000,3.281e000,
1372,-6.250e-001,3.906e000,2.968e000,3.281e000,
1373,3.750e000,-1.406e000,3.593e000,3.750e000,
1374,2.656e000,-4.687e-001,2.968e000,3.750e000,
1375,3.593e000,1.562e-001,3.593e000,2.656e000,
1376,3.437e000,3.125e-001,3.593e000,2.656e000,
1377,2.656e000,-6.250e-001,2.968e000,1.562e-001,
1378,3.281e000,1.562e-001,2.968e000,3.125e-001,
1379,-1.093e000,-6.250e-001,3.593e000,1.562e-001,
1380,1.562e-001,-6.250e-001,3.437e000,0.000e000,
1381,-7.812e-001,3.125e-001,2.968e000,4.687e-001,
1382,0.000e000,0.000e000,3.437e000,1.562e-001,
1383,-6.250e-001,-4.687e-001,2.968e000,3.125e-001,
1384,-4.687e-001,-4.687e-001,3.593e000,4.687e-001,
1385,3.125e-001,1.562e-001,2.968e000,0.000e000,
1386,1.093e000,1.562e-001,3.593e000,0.000e000,
1387,4.062e000,-6.250e-001,2.968e000,4.687e-001,
1388,2.812e000,0.000e000,3.125e000,3.125e-001,
1389,3.437e000,-4.687e-001,3.593e000,1.562e-001,
1390,3.281e000,-4.687e-001,2.968e000,3.125e-001,
1391,2.812e000,1.562e-001,3.593e000,0.000e000,
1392,3.281e000,3.125e-001,3.593e000,4.687e-001,
1393,-1.093e000,-6.250e-001,2.812e000,0.000e000,
1394,-4.687e-001,0.000e000,3.125e000,1.562e-001,
1395,-1.562e-001,-6.250e-001,3.593e000,4.687e-001,
1396,-4.687e-001,1.562e-001,3.593e000,3.125e-001,
1397,0.000e000,-4.687e-001,2.968e000,0.000e000,
1398,-4.687e-001,-6.250e-001,3.125e000,0.000e000,
1399,3.906e000,1.562e-001,3.750e000,4.687e-001,
